plate,mjd,fiber,redshift,subclass,e_bv_sfd,h_beta_flux
294,51986,194,0.1701931,STARBURST BROADLINE,0.01859532,1226.009
294,51986,260,0.2078367,STARBURST BROADLINE,0.02180855,131.7802
294,51986,299,0.2346111,BROADLINE,0.02120849,66.01272
294,51986,528,0.2754462,STARBURST BROADLINE,0.02614111,556.1118
298,51955,103,0.2960864,BROADLINE,0.02666075,159.7934
298,51955,577,0.2455795,BROADLINE,0.02165855,159.3883
299,51671,133,0.2374521,STARBURST BROADLINE,0.0242223,1711.321
299,51671,580,0.2550515,STARBURST BROADLINE,0.03142718,72.71386
300,51943,206,0.2341849,BROADLINE,0.03098772,114.511
300,51943,272,0.2447907,BROADLINE,0.02539863,993.4495
301,51942,142,0.1631027,STARBURST BROADLINE,0.0398261,779.7177
301,51942,505,0.2567531,BROADLINE,0.03680439,209.2478
301,51942,545,0.2585477,STARBURST BROADLINE,0.03814382,312.2499
305,51613,550,0.2195398,BROADLINE,0.03112118,349.2582
308,51662,43,0.2524521,BROADLINE,0.04522255,174.6231
308,51662,523,0.2963802,STARBURST BROADLINE,0.05025406,117.7394
311,51665,26,0.2278282,BROADLINE,0.04959253,236.1087
312,51689,330,0.2171962,BROADLINE,0.04861303,479.4295
312,51689,639,0.2399111,STARBURST BROADLINE,0.06461944,307.7378
337,51997,30,0.2955231,BROADLINE,0.0214515,126.67
338,51694,579,0.2657186,BROADLINE,0.02021867,220.0962
339,51692,457,0.2500602,BROADLINE,0.01889216,65.61485
340,51990,174,0.1742078,BROADLINE,0.03094817,102.635
341,51690,600,0.2229706,STARBURST BROADLINE,0.03653443,485.5947
495,51988,207,0.2817113,BROADLINE,0.02384331,1639.537
495,51988,333,0.2736361,AGN BROADLINE,0.01620433,228.6028
495,51988,515,0.255159,BROADLINE,0.01334062,212.8707
497,51989,44,0.2987612,STARBURST BROADLINE,0.02559302,130.8399
497,51989,179,0.2404175,BROADLINE,0.02212023,268.8527
497,51989,437,0.1361378,BROADLINE,0.03132943,503.2493
497,51989,466,0.1277341,BROADLINE,0.03951375,2236.087
498,51984,105,0.2883833,BROADLINE,0.01403496,782.2548
499,51988,9,0.2143538,STARBURST BROADLINE,0.01796462,649.4446
499,51988,243,0.1605999,BROADLINE,0.01820124,490.5209
522,52024,28,0.239459,STARBURST BROADLINE,0.02517101,141.4467
522,52024,408,0.226549,BROADLINE,0.02624112,274.9844
524,52027,165,0.2284263,STARBURST BROADLINE,0.02421562,764.2011
524,52027,531,0.1853426,BROADLINE,0.02257127,384.5011
525,52295,329,0.2657584,BROADLINE,0.02942146,46.96118
526,52312,410,0.2089116,STARBURST BROADLINE,0.02649625,60.35434
526,52312,431,0.2619666,STARBURST BROADLINE,0.02560256,287.547
526,52312,457,0.2969392,BROADLINE,0.02496802,478.4542
526,52312,537,0.2688896,BROADLINE,0.02380977,1217.897
527,52342,33,0.2158184,STARBURST BROADLINE,0.02471305,90.17809
527,52342,229,0.1967719,BROADLINE,0.0266143,598.4462
528,52022,522,0.1922287,STARFORMING,0.02482091,82.83208
529,52025,195,0.2727271,STARBURST BROADLINE,0.02677761,110.332
530,52026,575,0.2426316,STARBURST BROADLINE,0.02539657,219.4765
531,52028,207,0.243979,BROADLINE,0.03609903,273.9038
532,51993,635,0.2951642,STARBURST BROADLINE,0.04359099,117.3503
536,52024,30,0.295637,BROADLINE,0.04123732,468.7184
536,52024,308,0.2111076,BROADLINE,0.04638782,81.3897
539,52017,552,0.1827677,AGN BROADLINE,0.05131976,118.7833
539,52017,586,0.1346648,BROADLINE,0.05099057,2292.539
540,51996,68,0.2648796,BROADLINE,0.04687743,236.078
582,52045,384,0.253616,BROADLINE,0.02404449,30.66834
582,52045,428,0.2393308,STARBURST BROADLINE,0.02600569,150.5186
583,52055,497,0.2413322,BROADLINE,0.02698558,218.3956
583,52055,527,0.1263514,STARBURST BROADLINE,0.02553057,538.2548
584,52049,547,0.2981969,STARBURST BROADLINE,0.02700571,62.52968
585,52027,214,0.2527613,STARBURST BROADLINE,0.03217651,391.4832
585,52027,368,0.1058275,STARBURST BROADLINE,0.02938451,4298.79
585,52027,607,0.2001631,BROADLINE,0.03367837,74.43661
586,52023,89,0.2684219,STARBURST BROADLINE,0.03057202,410.672
586,52023,416,0.1940964,STARBURST BROADLINE,0.03249414,225.8264
588,52045,354,0.2864626,STARBURST BROADLINE,0.03951207,181.4231
589,52055,41,0.1729297,BROADLINE,0.04500829,320.9311
590,52057,176,0.1728526,BROADLINE,0.0442813,657.3569
592,52025,376,0.126024,BROADLINE,0.04435388,926.9399
602,52072,22,0.2730165,STARBURST BROADLINE,0.02093246,113.0889
602,52072,91,0.1925539,BROADLINE,0.01570581,408.8541
603,52056,260,0.2183968,BROADLINE,0.01678909,190.2026
604,52079,90,0.1161843,BROADLINE,0.01737602,522.8646
604,52079,494,0.175201,STARBURST BROADLINE,0.01534789,923.1448
605,52353,120,0.2690632,BROADLINE,0.01411839,471.6942
605,52353,568,0.2606139,STARBURST BROADLINE,0.02042769,674.885
606,52365,290,0.1808696,BROADLINE,0.01559901,194.0835
607,52368,625,0.2755408,STARBURST BROADLINE,0.01909766,1777.994
608,52081,1,0.2102813,BROADLINE,0.01132663,59.42062
608,52081,65,0.2973105,BROADLINE,0.008310194,283.6123
608,52081,168,0.2765597,STARBURST BROADLINE,0.005998979,257.3318
608,52081,569,0.2965274,STARBURST BROADLINE,0.00888771,491.3932
609,52339,435,0.2301357,BROADLINE,0.01381207,166.9964
611,52055,201,0.2826588,STARBURST BROADLINE,0.01375499,233.7183
611,52055,341,0.2803703,BROADLINE,0.01083244,358.8935
612,52079,519,0.2042243,STARBURST BROADLINE,0.01507528,151.8444
613,52345,99,0.07809116,STARBURST BROADLINE,0.01029091,5256.383
613,52345,152,0.2860429,BROADLINE,0.01384776,399.4718
784,52327,253,0.2512348,STARBURST BROADLINE,0.01542559,135.408
785,52339,46,0.2926344,BROADLINE,0.0136446,200.5956
786,52319,150,0.2376035,STARBURST BROADLINE,0.01594926,687.257
789,52342,212,0.2706725,BROADLINE,0.01494931,247.8274
789,52342,507,0.1347965,AGN BROADLINE,0.01291334,892.6796
790,52441,145,0.1739174,BROADLINE,0.011518,253.0201
793,52370,127,0.2023347,BROADLINE,0.01629543,33.50986
846,52407,119,0.2334552,BROADLINE,0.0237196,155.7205
846,52407,596,0.1647449,BROADLINE,0.02416391,703.1163
847,52426,558,0.2331841,BROADLINE,0.03535004,230.7752
847,52426,602,0.1820049,STARBURST BROADLINE,0.02790912,635.4926
849,52439,300,0.1839849,BROADLINE,0.02956318,300.9669
849,52439,590,0.2001507,BROADLINE,0.03410032,254.5732
850,52338,234,0.2957134,BROADLINE,0.02668015,245.6323
850,52338,248,0.2273587,BROADLINE,0.02780328,1162.181
852,52375,349,0.2424925,BROADLINE,0.02833081,524.1245
852,52375,625,0.1739949,BROADLINE,0.03109373,100.2148
854,52373,335,0.2745452,AGN BROADLINE,0.02519764,239.9653
854,52373,398,0.2657104,STARBURST BROADLINE,0.02936206,1265.397
854,52373,621,0.1867498,STARBURST BROADLINE,0.02453887,341.4805
855,52375,250,0.2024562,STARFORMING BROADLINE,0.02500386,112.2265
855,52375,251,0.2534572,BROADLINE,0.02117353,55.67508
856,52339,10,0.1642211,BROADLINE,0.03100815,1758.235
885,52379,449,0.2016241,STARBURST BROADLINE,0.01896156,86.80108
886,52381,396,0.1621236,STARBURST BROADLINE,0.01163734,2573.339
910,52377,167,0.1839719,AGN BROADLINE,0.03688592,65.9139
910,52377,259,0.1854109,BROADLINE,0.03902416,159.8737
912,52427,339,0.2922319,STARBURST BROADLINE,0.03481993,31.13124
913,52433,132,0.2230707,STARBURST BROADLINE,0.04218416,313.4665
913,52433,407,0.1779683,STARBURST BROADLINE,0.03471726,102.1598
917,52400,55,0.2814984,STARBURST BROADLINE,0.06020666,70.19965
922,52426,40,0.2682625,STARBURST BROADLINE,0.09104484,144.7218
957,52398,520,0.2399261,STARBURST BROADLINE,0.01128826,118.7445
958,52410,415,0.2549202,BROADLINE,0.0213319,205.4912
958,52410,525,0.2826634,STARBURST BROADLINE,0.008565676,170.9032
958,52410,606,0.1371693,STARBURST BROADLINE,0.01611133,333.0728
959,52411,192,0.1921499,STARBURST BROADLINE,0.009621792,199.6283
960,52425,214,0.1238792,BROADLINE,0.008508174,1209.838
960,52425,321,0.1710412,STARBURST BROADLINE,0.01433307,153.4838
1040,52722,476,0.2971902,AGN BROADLINE,0.02196477,218.6221
1041,52724,285,0.2799852,STARBURST BROADLINE,0.01407141,334.2975
1041,52724,440,0.2917909,BROADLINE,0.01702362,178.4646
1042,52725,132,0.2690201,BROADLINE,0.01152176,621.0911
1042,52725,305,0.1615461,BROADLINE,0.0133025,385.3743
1042,52725,499,0.2935225,AGN BROADLINE,0.01612042,331.5244
1042,52725,609,0.2215805,BROADLINE,0.0090562,526.8307
1044,52468,368,0.1746438,BROADLINE,0.01292495,1157.279
1045,52725,72,0.2754058,BROADLINE,0.01267039,421.1496
1046,52460,54,0.2485362,BROADLINE,0.03253732,14.08756
1046,52460,125,0.2540441,BROADLINE,0.0220569,513.0931
1046,52460,170,0.2034624,STARBURST BROADLINE,0.02217858,711.2766
1047,52733,355,0.1660594,STARBURST BROADLINE,0.02275537,237.4101
1048,52736,589,0.2081537,STARBURST BROADLINE,0.01844084,852.7242
1050,52721,458,0.1993452,BROADLINE,0.02784464,1546.94
1050,52721,500,0.1986541,STARBURST BROADLINE,0.02672229,724.2312
1050,52721,584,0.1763156,BROADLINE,0.02282623,145.867
1051,52468,265,0.2382287,BROADLINE,0.01857375,709.6618
1158,52668,359,0.1626487,STARBURST BROADLINE,0.006851166,261.0046
1159,52669,65,0.2383302,BROADLINE,0.01048782,261.4418
1160,52674,171,0.1492429,BROADLINE,0.01431118,1043.19
1162,52668,73,0.230684,AGN BROADLINE,0.01675457,143.2007
1162,52668,141,0.2520696,BROADLINE,0.01286294,403.3725
1162,52668,483,0.257148,BROADLINE,0.01672929,183.5643
1164,52674,239,0.2096944,STARBURST BROADLINE,0.01524746,210.3706
1164,52674,422,0.2618298,BROADLINE,0.01415931,110.1135
1164,52674,480,0.2814417,BROADLINE,0.01487303,241.9292
1165,52703,202,0.220537,BROADLINE,0.01439033,92.15675
1165,52703,240,0.2706152,BROADLINE,0.01690934,51.12079
1165,52703,486,0.2112526,BROADLINE,0.02600643,410.2334
1165,52703,629,0.1378198,AGN BROADLINE,0.02049261,165.0982
1166,52751,202,0.139522,STARBURST BROADLINE,0.01866822,170.3694
1278,52735,96,0.2353105,BROADLINE,0.01794738,589.2418
1280,52738,361,0.2362584,STARBURST BROADLINE,0.007901166,156.9879
1281,52753,569,0.2491418,BROADLINE,0.01218561,99.44942
1282,52759,45,0.2715582,BROADLINE,0.01074166,136.7419
1284,52736,230,0.267134,STARBURST BROADLINE,0.04205629,385.2041
1285,52723,39,0.1514203,BROADLINE,0.01972051,834.8927
1285,52723,484,0.2016272,BROADLINE,0.01552319,55.15951
1286,52725,384,0.2369364,BROADLINE,0.01178584,77.77452
1287,52728,296,0.1137073,BROADLINE,0.008684875,1965.385
1288,52731,236,0.2076394,STARBURST BROADLINE,0.0140586,189.9836
1289,52734,184,0.2313373,BROADLINE,0.02403107,874.7607
1289,52734,449,0.2653963,STARBURST BROADLINE,0.01698527,82.51402
1290,52734,136,0.1898469,STARBURST BROADLINE,0.01646999,484.8739
1290,52734,264,0.2627973,BROADLINE,0.01673746,384.6723
1317,52765,98,0.2657985,,0.009585256,46.20585
1318,52781,42,0.2985226,BROADLINE,0.0158489,473.7039
1318,52781,201,0.1605687,STARBURST BROADLINE,0.01461973,281.1324
1318,52781,242,0.2096186,BROADLINE,0.0155468,268.3517
1318,52781,620,0.2779047,BROADLINE,0.01015211,89.90127
1322,52791,389,0.2466999,BROADLINE,0.006571535,128.5294
1323,52797,443,0.1215033,STARBURST BROADLINE,0.007713778,2143.585
1324,53088,142,0.2908029,STARBURST BROADLINE,0.01254126,322.3501
1330,52822,568,0.2367526,STARBURST BROADLINE,0.01609506,152.3552
1344,52792,91,0.2227076,BROADLINE,0.009315342,610.4956
1344,52792,487,0.2250107,BROADLINE,0.01666465,403.0176
1344,52792,615,0.2574271,BROADLINE,0.0183753,167.0749
1345,52814,498,0.2742291,BROADLINE,0.01223964,491.357
1346,52822,86,0.2068584,STARBURST BROADLINE,0.01410861,1116.408
1346,52822,116,0.1680428,BROADLINE,0.01594684,343.0688
1346,52822,278,0.2318444,BROADLINE,0.005626137,245.0868
1349,52797,185,0.1619562,BROADLINE,0.009896671,168.8464
1350,52786,193,0.1456012,BROADLINE,0.009928791,789.1295
1350,52786,204,0.2472644,STARBURST BROADLINE,0.009167373,160.9789
1350,52786,247,0.2959745,STARBURST BROADLINE,0.008952374,280.5206
1351,52790,88,0.2460663,STARBURST BROADLINE,0.0156272,840.9855
1351,52790,103,0.2047822,BROADLINE,0.01585429,125.6766
1351,52790,424,0.2617957,STARBURST BROADLINE,0.01174529,627.5483
1351,52790,492,0.2834726,BROADLINE,0.01106723,213.1042
1354,52814,466,0.2494513,BROADLINE,0.02049805,252.4941
1372,53062,486,0.2288463,STARBURST BROADLINE,0.01610659,323.9026
1372,53062,589,0.191827,STARFORMING,0.02000647,240.5085
1373,53063,434,0.213071,BROADLINE,0.02220594,124.0855
1375,53084,87,0.1966696,BROADLINE,0.01439459,973.7367
1376,53089,94,0.177022,BROADLINE,0.01813698,116.7309
1377,53050,206,0.2667046,BROADLINE,0.009693634,358.2425
1377,53050,358,0.1610482,BROADLINE,0.004043139,2023.652
1377,53050,514,0.2707613,BROADLINE,0.008678371,91.76868
1377,53050,554,0.1604147,STARBURST BROADLINE,0.008378413,493.3671
1378,53061,158,0.2654042,STARFORMING,0.01750049,114.8639
1378,53061,208,0.2766464,BROADLINE,0.02620601,339.8229
1378,53061,574,0.1676342,BROADLINE,0.0134091,174.0111
1380,53084,510,0.2762372,BROADLINE,0.01242941,451.7043
1381,53089,326,0.2489426,STARBURST BROADLINE,0.01171536,312.3458
1381,53089,501,0.2642231,STARBURST BROADLINE,0.01073162,1227.179
1383,53116,321,0.2460904,STARBURST BROADLINE,0.01109105,358.9481
1383,53116,476,0.1133184,STARBURST BROADLINE,0.01329409,1849.03
1384,53121,291,0.2095468,BROADLINE,0.01839331,431.3989
1396,53112,175,0.2737464,BROADLINE,0.01339327,469.2579
1397,53119,190,0.2679094,BROADLINE,0.01369871,2752.637
1397,53119,316,0.2461701,BROADLINE,0.01377443,1461.512
1397,53119,399,0.2688065,BROADLINE,0.01474,149.0531
1398,53146,482,0.2308415,BROADLINE,0.01076291,598.3192
1455,53089,68,0.1499933,BROADLINE,0.01490749,835.6785
1459,53117,78,0.2682051,BROADLINE,0.009799751,134.0795
1459,53117,225,0.2251981,BROADLINE,0.01384171,141.1624
1460,53138,197,0.2694953,BROADLINE,0.01592537,139.8595
1461,53062,15,0.297337,STARBURST BROADLINE,0.04118967,103.6456
1461,53062,358,0.2715686,STARFORMING,0.01101758,97.5112
1462,53112,64,0.2133427,BROADLINE,0.0132293,212.0715
1464,53091,390,0.1815409,BROADLINE,0.007645051,1187.199
1464,53091,415,0.2252122,STARBURST BROADLINE,0.007971379,359.2988
1464,53091,550,0.230995,STARBURST BROADLINE,0.006319171,154.1145
1465,53082,30,0.2764856,BROADLINE,0.01350614,313.8999
1465,53082,240,0.2319155,BROADLINE,0.02024157,281.9127
1467,53115,48,0.2585572,BROADLINE,0.008660352,959.7911
1467,53115,637,0.2592131,BROADLINE,0.008487785,67.73352
1642,53115,454,0.1844595,BROADLINE,0.006343389,907.2689
1643,53143,532,0.2590016,BROADLINE,0.009165602,351.6052
1644,53144,349,0.2119145,BROADLINE,0.009435534,765.9966
1645,53172,109,0.2961887,BROADLINE,0.01434735,49.70665
1645,53172,618,0.2620519,STARBURST BROADLINE,0.009841723,81.72304
1647,53531,225,0.2384939,BROADLINE,0.01746785,155.1494
1649,53149,208,0.2517488,BROADLINE,0.02192532,520.8255
1650,53174,545,0.2739726,STARBURST BROADLINE,0.01831895,2162.26
1651,53442,373,0.2409074,STARBURST BROADLINE,0.02203653,479.9867
1667,53430,84,0.2330132,STARBURST BROADLINE,0.01040766,381.1491
1667,53430,543,0.2508286,BROADLINE,0.01272042,15.71955
1669,53433,63,0.2932138,STARBURST BROADLINE,0.01239528,719.9677
1669,53433,240,0.2349069,STARBURST BROADLINE,0.01570703,183.8473
1672,53460,237,0.2744993,STARBURST BROADLINE,0.01453477,457.9528
1672,53460,363,0.1854482,STARBURST BROADLINE,0.01791805,237.2337
1672,53460,619,0.1798888,BROADLINE,0.02124286,942.0079
1673,53462,108,0.2206272,STARBURST BROADLINE,0.01719172,2303.882
1673,53462,270,0.199074,STARBURST BROADLINE,0.01568374,67.73324
1673,53462,598,0.2454427,STARBURST BROADLINE,0.02658889,188.0252
1675,53466,62,0.2880693,BROADLINE,0.01899651,110.4995
1675,53466,428,0.2581467,BROADLINE,0.01607737,525.9301
1675,53466,506,0.2923579,BROADLINE,0.0148366,1007.271
1676,53147,255,0.2355146,STARBURST BROADLINE,0.02132693,272.791
1676,53147,518,0.2855433,STARBURST BROADLINE,0.018842,1055.885
1677,53148,15,0.1503511,STARBURST BROADLINE,0.02138945,311.1623
1677,53148,88,0.2507105,STARBURST BROADLINE,0.01698339,138.4066
1695,53473,400,0.2067854,BROADLINE,0.03187785,251.4464
1696,53116,220,0.1691393,BROADLINE,0.02553231,208.9556
1696,53116,244,0.2033559,BROADLINE,0.02684911,1108.102
1696,53116,445,0.2983111,STARBURST BROADLINE,0.02363019,216.2386
1696,53116,549,0.2204827,STARBURST BROADLINE,0.02258712,475.9464
1699,53148,331,0.2017202,STARBURST BROADLINE,0.02397494,287.0493
1700,53502,546,0.2733904,STARBURST BROADLINE,0.03326566,156.1231
1701,53142,131,0.2909273,STARBURST BROADLINE,0.03812363,148.6421
1701,53142,200,0.1263564,BROADLINE,0.02560516,1036.224
1702,53144,597,0.2667643,BROADLINE,0.02177011,173.2774
1704,53178,389,0.1992838,BROADLINE,0.01664837,243.5901
1705,53848,133,0.2870272,BROADLINE,0.02542637,173.1083
1708,53503,400,0.1972754,AGN BROADLINE,0.02252524,238.5981
1709,53533,230,0.2416667,STARBURST BROADLINE,0.03044956,292.4267
1711,53535,436,0.2304113,STARBURST BROADLINE,0.03134626,400.3225
1713,53827,19,0.279006,STARBURST BROADLINE,0.03018575,195.2866
1714,53521,408,0.2603083,STARBURST,0.0226487,177.4319
1718,53850,79,0.2820169,STARBURST BROADLINE,0.03866247,452.3181
1718,53850,490,0.2848544,BROADLINE,0.04993421,245.4682
1770,53171,58,0.2664749,STARBURST BROADLINE,0.02835449,457.1269
1771,53498,100,0.1427399,BROADLINE,0.03107642,1315.658
1771,53498,107,0.2852145,STARBURST BROADLINE,0.02813893,1963.768
1771,53498,353,0.2522766,BROADLINE,0.01962275,81.94311
1772,53089,77,0.1139307,STARBURST BROADLINE,0.02399424,3027.972
1773,53112,211,0.1967043,STARBURST BROADLINE,0.02145162,393.8115
1773,53112,333,0.1649692,STARBURST BROADLINE,0.02362608,929.8559
1774,53759,602,0.231364,STARBURST BROADLINE,0.02060946,266.3202
1776,53858,28,0.2828774,BROADLINE,0.02369179,125.221
1776,53858,612,0.1341881,BROADLINE,0.03179598,1311.827
1777,53857,612,0.2141182,STARBURST BROADLINE,0.02463817,299.8891
1778,53883,283,0.2384233,BROADLINE,0.02366314,99.04922
1778,53883,350,0.2591701,BROADLINE,0.02502133,173.6967
1789,54259,190,0.1923565,STARBURST BROADLINE,0.01943793,1144.884
1790,53876,217,0.2401559,STARBURST BROADLINE,0.02499907,37.66515
1790,53876,472,0.2815173,STARFORMING,0.02462084,25.76958
1792,54270,124,0.256806,BROADLINE,0.03150423,144.2618
1793,53883,280,0.2743539,STARBURST BROADLINE,0.0220378,223.0222
1794,54504,190,0.2318723,BROADLINE,0.03168264,462.8033
1794,54504,331,0.2724296,BROADLINE,0.03155188,725.9919
1795,54507,106,0.2418267,BROADLINE,0.04276688,655.4658
1795,54507,457,0.153836,STARBURST BROADLINE,0.03453428,4630.266
1796,53884,199,0.2568817,BROADLINE,0.02566343,231.5889
1796,53884,283,0.1716289,STARBURST BROADLINE,0.03219263,689.6315
1797,54507,139,0.1993042,BROADLINE,0.03719714,205.9592
1798,53851,410,0.2800465,STARBURST BROADLINE,0.01987468,48.78432
1798,53851,559,0.2746552,STARBURST BROADLINE,0.01842859,86.26176
1801,54156,358,0.2775687,STARBURST BROADLINE,0.02498446,128.327
1802,53885,192,0.1909368,STARBURST BROADLINE,0.02850022,529.3924
1802,53885,491,0.2478844,BROADLINE,0.02514256,49.07101
1804,53886,238,0.2424477,STARBURST BROADLINE,0.02780107,157.8835
1804,53886,633,0.2801969,BROADLINE,0.03139109,135.7899
1807,54175,282,0.2788069,STARBURST BROADLINE,0.02490853,360.7906
1809,53792,602,0.17813,STARBURST BROADLINE,0.02353993,2506.536
1810,53794,439,0.2848062,BROADLINE,0.02342751,483.3466
1811,53533,15,0.2299342,BROADLINE,0.02184496,494.93
1811,53533,122,0.2306872,STARBURST BROADLINE,0.02773762,1004.002
1813,53903,285,0.1868422,STARBURST BROADLINE,0.02756523,502.7711
1813,53903,302,0.2567506,BROADLINE,0.02592402,180.3115
1813,53903,471,0.2568896,BROADLINE,0.02811796,173.0147
1814,54555,125,0.1622115,BROADLINE,0.02658819,1256.502
1814,54555,573,0.129768,STARBURST BROADLINE,0.02729913,1777.444
1815,53884,156,0.2695875,BROADLINE,0.03335515,295.1519
1816,53919,420,0.1642324,STARBURST BROADLINE,0.03392677,1217.472
1817,53851,35,0.2825226,STARBURST BROADLINE,0.03691469,497.5895
1818,54539,268,0.2681072,STARBURST BROADLINE,0.04812236,592.9573
1826,53499,495,0.2375394,AGN BROADLINE,0.02834392,34.24898
1829,53494,249,0.1170313,STARBURST BROADLINE,0.03974076,1324.26
1829,53494,464,0.2076814,BROADLINE,0.03335693,1192.412
1831,54557,501,0.2876647,STARBURST BROADLINE,0.0306989,2066.256
1834,54562,341,0.1740427,STARBURST BROADLINE,0.05150189,102.6267
1838,53467,410,0.2799086,BROADLINE,0.009300258,223.9284
1839,53471,511,0.2769306,STARBURST BROADLINE,0.01637867,281.2191
1841,53491,116,0.2458225,BROADLINE,0.01225542,52.6361
1841,53491,317,0.2018719,STARBURST BROADLINE,0.01171215,518.0533
1842,53501,67,0.2753552,BROADLINE,0.01253746,437.241
1842,53501,291,0.264246,BROADLINE,0.01356167,97.20817
1843,53816,565,0.2178915,BROADLINE,0.01554753,369.7131
1844,54138,446,0.1936767,STARBURST BROADLINE,0.02064313,206.9606
1845,54144,39,0.2079677,BROADLINE,0.02687265,341.3671
1846,54173,28,0.2843701,BROADLINE,0.03656408,118.1586
1846,54173,125,0.2282974,BROADLINE,0.03346565,588.8925
1846,54173,426,0.2689301,BROADLINE,0.02631223,1164.139
1975,53734,180,0.2404729,BROADLINE,0.01466617,51.91676
1984,53433,609,0.178252,BROADLINE,0.0207103,448.1307
1985,53431,429,0.2493404,STARBURST BROADLINE,0.01496001,67.56476
1987,53765,82,0.2738303,BROADLINE,0.01495895,388.1747
1987,53765,164,0.1630809,STARBURST BROADLINE,0.01457802,287.6584
1987,53765,464,0.2703313,BROADLINE,0.01456036,213.1635
1993,53762,142,0.2207066,BROADLINE,0.008206356,206.4684
2002,53471,538,0.20616,STARBURST BROADLINE,0.01331502,655.6048
2005,53472,40,0.171704,STARBURST BROADLINE,0.01027713,772.0214
2005,53472,441,0.1790504,STARBURST BROADLINE,0.004261803,468.7558
2006,53476,618,0.1863378,STARBURST BROADLINE,0.01489416,1308.8
2006,53476,623,0.2805525,STARBURST BROADLINE,0.009496449,345.6085
2006,53476,628,0.1473606,BROADLINE,0.01154495,495.8312
2009,53904,70,0.2588019,BROADLINE,0.01037959,171.1441
2009,53904,546,0.2466348,BROADLINE,0.01192367,244.6292
2014,53460,440,0.2473611,STARBURST BROADLINE,0.01538688,574.8809
2016,53799,61,0.1829528,STARBURST BROADLINE,0.01161656,1984.522
2016,53799,86,0.1946741,STARBURST BROADLINE,0.0137236,645.0529
2017,53474,168,0.2114582,STARBURST BROADLINE,0.01337574,172.4877
2017,53474,180,0.2275464,STARBURST BROADLINE,0.01299102,210.1016
2018,53800,534,0.2129434,BROADLINE,0.01297085,203.2156
2018,53800,568,0.176591,BROADLINE,0.01423711,203.922
2021,53475,595,0.270842,BROADLINE,0.02172846,998.0123
2022,53827,553,0.2069422,BROADLINE,0.01744323,72.75501
2023,53851,192,0.2158535,BROADLINE,0.01001926,539.6846
2023,53851,531,0.282989,BROADLINE,0.01149502,480.0306
2023,53851,612,0.2950774,STARBURST BROADLINE,0.01123934,199.7093
2024,53503,225,0.2318997,BROADLINE,0.01429909,39.36084
2024,53503,237,0.2464555,STARBURST BROADLINE,0.01462414,299.1662
2033,53476,57,0.1894373,STARBURST BROADLINE,0.01205688,569.4219
2033,53476,104,0.1401217,STARBURST BROADLINE,0.01408733,589.8008
2033,53476,357,0.2463993,STARBURST BROADLINE,0.01078983,596.792
2033,53476,512,0.2848447,AGN BROADLINE,0.01505516,3167.782
2093,53818,123,0.176481,BROADLINE,0.009473771,248.2047
2094,53851,630,0.1175316,STARBURST BROADLINE,0.01869195,1342.066
2101,53858,118,0.2842707,STARBURST BROADLINE,0.009138895,81.6624
2101,53858,496,0.2419932,BROADLINE,0.009150045,215.9268
2110,53467,14,0.2226619,BROADLINE,0.0114112,98.33443
2110,53467,43,0.2203435,BROADLINE,0.01197363,110.4959
2110,53467,440,0.2396989,STARBURST BROADLINE,0.01031091,128.4532
2110,53467,518,0.2419603,BROADLINE,0.01042762,375.6497
2115,53535,265,0.2934271,BROADLINE,0.01461789,183.9163
2115,53535,556,0.2988524,BROADLINE,0.01409902,146.7687
2116,53854,520,0.2972019,STARBURST BROADLINE,0.01710663,150.8058
2116,53854,621,0.1132909,STARBURST BROADLINE,0.01434177,218.7301
2118,53820,564,0.2164237,BROADLINE,0.01273211,86.3111
2119,53792,479,0.1637161,STARBURST BROADLINE,0.0166308,2766.563
2120,53852,59,0.187615,BROADLINE,0.01497059,854.1714
2121,54180,631,0.2565132,BROADLINE,0.01584919,164.8087
2122,54178,46,0.2514291,BROADLINE,0.01732541,215.3567
2122,54178,200,0.2972041,BROADLINE,0.01279543,268.0277
2122,54178,436,0.1963692,BROADLINE,0.01176638,356.9352
2123,53793,443,0.07700984,BROADLINE,0.0183279,1357.127
2124,53770,91,0.1303311,STARBURST BROADLINE,0.01703302,1565.531
2125,53795,432,0.1877306,BROADLINE,0.0132731,267.1736
2126,53794,85,0.2475406,BROADLINE,0.01650935,246.484
2126,53794,496,0.2252883,STARBURST BROADLINE,0.02109288,205.0993
2129,54252,18,0.113312,STARBURST BROADLINE,0.02217845,562.6619
2130,53881,427,0.292812,BROADLINE,0.01260087,281.8895
2131,53819,15,0.1453624,STARBURST BROADLINE,0.0384269,420.1388
2132,53493,155,0.2327143,BROADLINE,0.05799693,647.4112
2133,53917,43,0.255357,STARBURST BROADLINE,0.01663935,370.9969
2134,53876,268,0.2622485,STARBURST BROADLINE,0.01721451,268.1367
2137,54206,99,0.2184688,STARBURST BROADLINE,0.02096188,165.1788
2137,54206,441,0.2496374,STARBURST BROADLINE,0.01779235,322.4945
2137,54206,533,0.1996945,STARBURST BROADLINE,0.01808373,119.1435
2142,54208,292,0.2570201,BROADLINE,0.02573458,112.5764
2142,54208,499,0.2240888,BROADLINE,0.02716522,131.6528
2142,54208,621,0.2375643,STARBURST BROADLINE,0.02752653,71.18325
2142,54208,637,0.06449452,STARBURST BROADLINE,0.02924547,6220.282
2143,54184,446,0.2588363,BROADLINE,0.03251076,428.948
2144,53770,263,0.2997678,STARBURST BROADLINE,0.03441586,81.89317
2144,53770,287,0.2978118,STARBURST BROADLINE,0.02635138,334.8038
2145,54212,76,0.2296589,BROADLINE,0.03806349,106.3263
2145,54212,467,0.2789952,BROADLINE,0.03480086,202.7542
2146,54230,204,0.2483222,STARBURST BROADLINE,0.0257342,1012.94
2156,54525,193,0.2705555,STARBURST BROADLINE,0.03878864,119.7763
2157,54242,195,0.2046669,BROADLINE,0.05928152,2053.386
2158,54209,114,0.136087,STARBURST BROADLINE,0.04312729,4356.603
2160,53885,243,0.165382,STARBURST BROADLINE,0.04395969,1675.655
2160,53885,444,0.2361374,BROADLINE,0.03237196,324.7374
2237,53828,448,0.235612,STARBURST BROADLINE,0.01340161,43.81033
2239,53726,239,0.1934278,STARBURST BROADLINE,0.01339498,1505.347
2242,54153,253,0.1830579,STARBURST BROADLINE,0.01418767,589.2766
2242,54153,454,0.2761594,STARBURST BROADLINE,0.00941558,79.36034
2242,54153,588,0.237003,STARBURST BROADLINE,0.0113098,126.2934
2243,53794,585,0.284118,STARBURST BROADLINE,0.01391258,54.28283
2246,53767,66,0.0863796,AGN BROADLINE,0.01130901,2033.969
2601,54144,271,0.2630214,STARBURST BROADLINE,0.0237951,259.4819
2601,54144,378,0.2641678,STARBURST BROADLINE,0.01727005,195.9526
2601,54144,575,0.2014321,BROADLINE,0.02678784,93.04583
2603,54479,200,0.1901163,BROADLINE,0.02724931,269.8766
2603,54479,443,0.1182318,BROADLINE,0.02328548,1080.492
2604,54484,232,0.2082254,BROADLINE,0.02351066,504.2233
2604,54484,598,0.1927217,BROADLINE,0.02790736,113.8943
2606,54154,44,0.2461739,BROADLINE,0.02517734,117.0851
2606,54154,581,0.2645762,BROADLINE,0.02268166,292.094
2607,54184,178,0.2763289,BROADLINE,0.01862307,155.4419
2607,54184,477,0.2086255,STARBURST BROADLINE,0.02001703,695.1603
2614,54481,279,0.1602625,STARBURST BROADLINE,0.02115681,778.7159
2614,54481,350,0.2393598,BROADLINE,0.02482056,370.0913
2617,54502,143,0.2217153,STARBURST BROADLINE,0.02738428,1593.179
2618,54506,416,0.2926029,BROADLINE,0.02199499,317.0081
2641,54230,269,0.2595482,BROADLINE,0.03421406,143.6215
2641,54230,284,0.1882003,BROADLINE,0.03452023,153.3029
2649,54212,215,0.1266571,BROADLINE,0.05069542,2140.768
2650,54505,207,0.2825699,STARBURST BROADLINE,0.03317659,152.3747
2651,54507,448,0.2577475,STARBURST BROADLINE,0.0119631,41.14272
2653,54230,372,0.2904827,STARBURST BROADLINE,0.01808054,170.442
2661,54505,197,0.1883969,STARBURST BROADLINE,0.01306634,331.5082
2661,54505,550,0.1956688,STARBURST BROADLINE,0.009927529,280.6693
2662,54505,172,0.2493957,BROADLINE,0.01780124,312.7607
2662,54505,293,0.2583058,BROADLINE,0.02045256,541.0374
2662,54505,445,0.2745785,BROADLINE,0.01489742,285.3338
2664,54524,39,0.2226322,STARBURST BROADLINE,0.01294691,1267.704
2743,54259,26,0.2151691,STARBURST BROADLINE,0.01818977,255.7214
2743,54259,576,0.1502831,BROADLINE,0.02999531,531.9232
2743,54259,581,0.2196604,BROADLINE,0.01907538,409.3099
2745,54231,295,0.265141,BROADLINE,0.0144214,944.1344
2746,54232,150,0.2413164,STARBURST BROADLINE,0.01898775,562.0349
2746,54232,158,0.2561927,AGN BROADLINE,0.02369661,373.9967
2746,54232,494,0.2311233,BROADLINE,0.02358247,592.7064
2748,54234,628,0.2679554,BROADLINE,0.01673531,125.377
2750,54242,86,0.2584745,BROADLINE,0.02762309,298.6597
2751,54243,575,0.1180205,STARBURST BROADLINE,0.02717935,1935.271
2755,54507,65,0.2155004,BROADLINE,0.01941895,156.4176
2756,54508,228,0.1514729,STARBURST BROADLINE,0.01841983,2094.599
2757,54509,152,0.2253893,BROADLINE,0.02670388,317.9666
2757,54509,462,0.2308016,BROADLINE,0.04291791,101.603
2757,54509,534,0.2451501,STARBURST BROADLINE,0.03848829,498.8271
2758,54523,14,0.2375693,AGN BROADLINE,0.01994194,285.3593
2760,54506,639,0.2248143,BROADLINE,0.02293293,346.2589
2761,54534,250,0.1624963,BROADLINE,0.03391584,622.2419
2763,54507,244,0.2697569,BROADLINE,0.01915249,133.9435
2770,54510,433,0.1965366,STARBURST BROADLINE,0.02233633,4131.215
2771,54527,71,0.2015326,STARBURST BROADLINE,0.04471225,351.5498
2771,54527,419,0.2610683,BROADLINE,0.02582617,1618.641
2772,54529,231,0.2385001,STARBURST BROADLINE,0.04626172,930.851
2773,54533,640,0.2134592,BROADLINE,0.03172268,1652.594
2774,54534,38,0.2587776,AGN BROADLINE,0.02881863,221.7117
2774,54534,430,0.1098744,BROADLINE,0.0324995,1842.363
2776,54554,495,0.2991473,STARBURST BROADLINE,0.03971763,89.68754
2778,54539,572,0.2681316,BROADLINE,0.03447537,163.4199
2780,54557,275,0.2431923,STARBURST BROADLINE,0.02479612,215.1753
2783,54524,397,0.2706638,BROADLINE,0.01180832,82.67503
2784,54529,10,0.09831072,STARBURST BROADLINE,0.02221656,4170.931
2784,54529,481,0.214991,BROADLINE,0.02692673,203.1797
2784,54529,535,0.1600988,STARBURST BROADLINE,0.020434,354.0004
2785,54537,499,0.1724894,STARBURST BROADLINE,0.02490337,571.5805
2787,54552,171,0.2767682,STARBURST BROADLINE,0.03056524,74.55131
2787,54552,390,0.2813598,BROADLINE,0.04563117,140.2599
2788,54553,395,0.2840404,BROADLINE,0.04519792,506.8268
2789,54555,231,0.2048016,BROADLINE,0.02364817,155.7982
2791,54556,520,0.222684,STARBURST BROADLINE,0.04241364,973.6503
2792,54556,89,0.1705441,STARBURST BROADLINE,0.02710141,1935.623
2947,54533,473,0.2847331,BROADLINE,0.02006215,54.41901
2953,54560,240,0.1133047,STARBURST BROADLINE,0.05380141,528.8362
